{
    "name": "STA-shared-content",
    "title": "sta shared content",
    "description": "omooswald sta stuff",
    "version": "",
    "author": "omooswald",
    "minimumCoreVersion": "9",
    "compatibleCoreVersion": "9",
    
    "packs": [
        {
            "name": "sta-creatures",
            "label": "Star Trek Adventures Character",
            "path": "./packs/creatures.db",
            "entity": "Actor",
            "type": "Actor"
        },
        {
            "name": "sta-starships",
            "label": "Star Trek Adventures Starships",
            "path": "./packs/starships.db",
            "entity": "Starships",
            "type": "Actor"
        },
        {
            "name": "sta-items",
            "label": "Star Trek Adventures Items",
            "path": "./packs/items.db",
            "entity": "Item",
            "type": "Item"
        },
        {
            "name": "sta-talents",
            "label": "Star Trek Adventures Talents",
            "path": "./packs/talents.db",
            "entity": "Talent",
            "type": "Item"
        },
        {
            "name": "sta-scenes",
            "label": "Star Trek Adventures Scenes",
            "path": "./packs/scenes.db",
            "entity": "Scene",
            "type": "Scene"
        },
        {
            "name": "sta-journal-entries",
            "label": "Star Trek Adventures Journal",
            "path": "./packs/journal-entries.db",
            "entity": "JournalEntry",
            "type": "JournalEntry"
        },
        {
            "name": "sta-macros",
            "label": "Star Trek Adventures Macros",
            "path": "./packs/macros.db",
            "entity": "Macro",
            "type": "Macro"
        },
        {
            "name": "sta-roll-tables",
            "label": "Star Trek Adventures Roll Tables",
            "path": "./packs/roll-tables.db",
            "entity": "RollTable",
            "type": "RollTable"
        },
        {
            "name": "sta-playlists",
            "label": "Star Trek Adventures Playlists",
            "path": "./packs/playlists.db",
            "entity": "Playlist",
            "type": "Playlist"
        }
    ],

    "manifest": "",
    "download": "",
    "url": ""
  }
